Ncpu,Nsim,Nchunk,Lpt,Tsim
16,1,256,1000,148.77
16,1,1024,1000,148.36
16,1,4096,1000,150.08
16,1,16384,1000,146.4
16,1,32768,1000,146.7
16,1,65536,1000,140.87
16,1,131072,1000,147.26
16,1,262144,1000,145.1
16,1,256,10000,147.81
16,1,1024,10000,146.7
16,1,4096,10000,144.21
16,1,16384,10000,144.85
16,1,32768,10000,144.23
16,1,65536,10000,143.71
16,1,131072,10000,140.44
16,1,262144,10000,142.38
16,1,256,100000,147.22
16,1,1024,100000,143.87
16,1,4096,100000,142.22
16,1,16384,100000,147.04
16,1,32768,100000,142.52
16,1,65536,100000,146.36
16,1,131072,100000,145.31
16,1,262144,100000,138.06
16,1,256,200000,151.96
16,1,1024,200000,145.82
16,1,4096,200000,145.77
16,1,16384,200000,149.65
16,1,32768,200000,147.97
16,1,65536,200000,143.38
16,1,131072,200000,145.09
16,1,262144,200000,147.24
16,1,256,300000,158.08
16,1,1024,300000,150.46
16,1,4096,300000,144.91
16,1,16384,300000,147.11
16,1,32768,300000,142.68
16,1,65536,300000,150.36
16,1,131072,300000,144.71
16,1,262144,300000,146.1
16,1,256,400000,163.66
16,1,1024,400000,150.64
16,1,4096,400000,152.26
16,1,16384,400000,147.57
16,1,32768,400000,141.25
16,1,65536,400000,152.78
16,1,131072,400000,146.71
16,1,262144,400000,148.26
16,1,256,500000,165.83
16,1,1024,500000,152.66
16,1,4096,500000,153.29
16,1,16384,500000,153.72
16,1,32768,500000,154.96
16,1,65536,500000,148.43
16,1,131072,500000,147.37
16,1,262144,500000,151.89
16,2,256,1000,157.71
16,2,1024,1000,159.23
16,2,4096,1000,158.81
16,2,16384,1000,158.54
16,2,32768,1000,156.78
16,2,65536,1000,156.07
16,2,131072,1000,159.64
16,2,262144,1000,158.26
16,2,256,10000,156.96
16,2,1024,10000,158.65
16,2,4096,10000,156.93
16,2,16384,10000,159.17
16,2,32768,10000,156.37
16,2,65536,10000,157.61
16,2,131072,10000,157.89
16,2,262144,10000,158.02
16,2,256,100000,162.83
16,2,1024,100000,159.4
16,2,4096,100000,159.33
16,2,16384,100000,157.53
16,2,32768,100000,156.6
16,2,65536,100000,157.33
16,2,131072,100000,158.17
16,2,262144,100000,155.88
16,2,256,200000,162.37
16,2,1024,200000,163.01
16,2,4096,200000,161.47
16,2,16384,200000,162.93
16,2,32768,200000,161.49
16,2,65536,200000,162.45
16,2,131072,200000,161.12
16,2,262144,200000,160.39
16,2,256,300000,162.78
16,2,1024,300000,165.13
16,2,4096,300000,165.27
16,2,16384,300000,161.45
16,2,32768,300000,163.57
16,2,65536,300000,164.92
16,2,131072,300000,163.78
16,2,262144,300000,164.43
16,2,256,400000,168.31
16,2,1024,400000,162.57
16,2,4096,400000,168.37
16,2,16384,400000,162.59
16,2,32768,400000,165.07
16,2,65536,400000,165.83
16,2,131072,400000,165.71
16,2,262144,400000,164.39
16,2,256,500000,170.14
16,2,1024,500000,169.55
16,2,4096,500000,167.4
16,2,16384,500000,168.77
16,2,32768,500000,168.62
16,2,65536,500000,168.66
16,2,131072,500000,168.68
16,2,262144,500000,168.2
16,3,256,1000,171.65
16,3,1024,1000,172.02
16,3,4096,1000,173.61
16,3,16384,1000,174.19
16,3,32768,1000,175.23
16,3,65536,1000,173.53
16,3,131072,1000,171
16,3,262144,1000,171.24
16,3,256,10000,172.12
16,3,1024,10000,171.77
16,3,4096,10000,172.25
16,3,16384,10000,172.71
16,3,32768,10000,171.32
16,3,65536,10000,172.27
16,3,131072,10000,171.62
16,3,262144,10000,172.44
16,3,256,100000,173.6
16,3,1024,100000,174.36
16,3,4096,100000,174.54
16,3,16384,100000,176.95
16,3,32768,100000,172.89
16,3,65536,100000,175.24
16,3,131072,100000,174.56
16,3,262144,100000,174.12
16,3,256,200000,179.24
16,3,1024,200000,175.65
16,3,4096,200000,175.13
16,3,16384,200000,175.4
16,3,32768,200000,176.04
16,3,65536,200000,175.56
16,3,131072,200000,173.73
16,3,262144,200000,174.09
16,3,256,300000,178.06
16,3,1024,300000,178.55
16,3,4096,300000,180.2
16,3,16384,300000,178.77
16,3,32768,300000,178.06
16,3,65536,300000,177.52
16,3,131072,300000,178.06
16,3,262144,300000,176.45
16,3,256,400000,181.36
16,3,1024,400000,181.3
16,3,4096,400000,181.08
16,3,16384,400000,180.58
16,3,32768,400000,179.78
16,3,65536,400000,179.86
16,3,131072,400000,179.52
16,3,262144,400000,180.01
16,3,256,500000,183.49
16,3,1024,500000,186.9
16,3,4096,500000,183.91
16,3,16384,500000,181.73
16,3,32768,500000,181.7
16,3,65536,500000,181.27
16,3,131072,500000,182.13
16,3,262144,500000,182.08
16,4,256,1000,194.37
16,4,1024,1000,189.99
16,4,4096,1000,193.19
16,4,16384,1000,189.1
16,4,32768,1000,188.33
16,4,65536,1000,187.85
16,4,131072,1000,188.59
16,4,262144,1000,188.95
16,4,256,10000,192.85
16,4,1024,10000,187.37
16,4,4096,10000,187.09
16,4,16384,10000,186.96
16,4,32768,10000,186.93
16,4,65536,10000,187.94
16,4,131072,10000,187.05
16,4,262144,10000,187.54
16,4,256,100000,189.89
16,4,1024,100000,193.77
16,4,4096,100000,193.75
16,4,16384,100000,190.56
16,4,32768,100000,189.43
16,4,65536,100000,188.91
16,4,131072,100000,189.71
16,4,262144,100000,189.06
16,4,256,200000,195.48
16,4,1024,200000,192.55
16,4,4096,200000,191.4
16,4,16384,200000,191.72
16,4,32768,200000,192.13
16,4,65536,200000,191.65
16,4,131072,200000,191.41
16,4,262144,200000,190.92
16,4,256,300000,194.5
16,4,1024,300000,194.29
16,4,4096,300000,195.01
16,4,16384,300000,194.8
16,4,32768,300000,192.63
16,4,65536,300000,193.05
16,4,131072,300000,193.66
16,4,262144,300000,192.62
16,4,256,400000,197.39
16,4,1024,400000,197.41
16,4,4096,400000,196.6
16,4,16384,400000,194.34
16,4,32768,400000,196.06
16,4,65536,400000,194.44
16,4,131072,400000,197
16,4,262144,400000,195.68
16,4,256,500000,199.47
16,4,1024,500000,199.25
16,4,4096,500000,198.54
16,4,16384,500000,198.55
16,4,32768,500000,196.42
16,4,65536,500000,196.86
16,4,131072,500000,199.09
16,4,262144,500000,197.45
16,5,256,1000,208.51
16,5,1024,1000,212.61
16,5,4096,1000,207.87
16,5,16384,1000,208.55
16,5,32768,1000,207.68
16,5,65536,1000,207.67
16,5,131072,1000,207.47
16,5,262144,1000,206.84
16,5,256,10000,207.57
16,5,1024,10000,206.61
16,5,4096,10000,206.43
16,5,16384,10000,206.96
16,5,32768,10000,204.84
16,5,65536,10000,207.69
16,5,131072,10000,206.61
16,5,262144,10000,207.64
16,5,256,100000,210.4
16,5,1024,100000,209.34
16,5,4096,100000,209.85
16,5,16384,100000,209.13
16,5,32768,100000,209.13
16,5,65536,100000,209.29
16,5,131072,100000,207.96
16,5,262144,100000,209.07
16,5,256,200000,211.4
16,5,1024,200000,209.97
16,5,4096,200000,210.05
16,5,16384,200000,210.34
16,5,32768,200000,214.76
16,5,65536,200000,210.22
16,5,131072,200000,211.56
16,5,262144,200000,209.27
16,5,256,300000,214.2
16,5,1024,300000,214.45
16,5,4096,300000,219.71
16,5,16384,300000,212.9
16,5,32768,300000,212.37
16,5,65536,300000,213.41
16,5,131072,300000,214.09
16,5,262144,300000,214.31
16,5,256,400000,216.37
16,5,1024,400000,216.22
16,5,4096,400000,217.74
16,5,16384,400000,222.17
16,5,32768,400000,216.63
16,5,65536,400000,215.46
16,5,131072,400000,216.23
16,5,262144,400000,216.42
16,5,256,500000,219.02
16,5,1024,500000,222.32
16,5,4096,500000,218.94
16,5,16384,500000,219.49
16,5,32768,500000,218.12
16,5,65536,500000,218.73
16,5,131072,500000,219.68
16,5,262144,500000,219.21
32,1,256,1000,71.76
32,1,1024,1000,71.77
32,1,4096,1000,70.62
32,1,16384,1000,70.02
32,1,32768,1000,68.61
32,1,65536,1000,69.65
32,1,131072,1000,70.11
32,1,262144,1000,71.27
32,1,256,10000,69.51
32,1,1024,10000,69.84
32,1,4096,10000,67.55
32,1,16384,10000,68.11
32,1,32768,10000,66.27
32,1,65536,10000,64.24
32,1,131072,10000,69.94
32,1,262144,10000,68.71
32,1,256,100000,74.39
32,1,1024,100000,70.81
32,1,4096,100000,69.87
32,1,16384,100000,69.31
32,1,32768,100000,67.89
32,1,65536,100000,64.03
32,1,131072,100000,68.82
32,1,262144,100000,61.83
32,1,256,200000,80.26
32,1,1024,200000,71.45
32,1,4096,200000,65.81
32,1,16384,200000,67.45
32,1,32768,200000,68.61
32,1,65536,200000,67
32,1,131072,200000,68.28
32,1,262144,200000,66.85
32,1,256,300000,89.5
32,1,1024,300000,76.42
32,1,4096,300000,72.43
32,1,16384,300000,72.24
32,1,32768,300000,66.84
32,1,65536,300000,66.37
32,1,131072,300000,68.19
32,1,262144,300000,65.95
32,1,256,400000,98.3
32,1,1024,400000,83.63
32,1,4096,400000,74.48
32,1,16384,400000,73.21
32,1,32768,400000,72.8
32,1,65536,400000,74.07
32,1,131072,400000,73
32,1,262144,400000,72.66
32,1,256,500000,112.39
32,1,1024,500000,96.67
32,1,4096,500000,90.78
32,1,16384,500000,90.42
32,1,32768,500000,90.45
32,1,65536,500000,90.45
32,1,131072,500000,90.71
32,1,262144,500000,90.45
32,2,256,1000,72.56
32,2,1024,1000,74.05
32,2,4096,1000,73.08
32,2,16384,1000,72.93
32,2,32768,1000,72.7
32,2,65536,1000,71.31
32,2,131072,1000,71.67
32,2,262144,1000,71.56
32,2,256,10000,72.7
32,2,1024,10000,71.19
32,2,4096,10000,71.7
32,2,16384,10000,70.61
32,2,32768,10000,71.4
32,2,65536,10000,67.64
32,2,131072,10000,71.72
32,2,262144,10000,72.1
32,2,256,100000,70.28
32,2,1024,100000,72.42
32,2,4096,100000,69.49
32,2,16384,100000,71.92
32,2,32768,100000,71.52
32,2,65536,100000,70.27
32,2,131072,100000,71.02
32,2,262144,100000,72.08
32,2,256,200000,72.82
32,2,1024,200000,74.82
32,2,4096,200000,72.55
32,2,16384,200000,70.99
32,2,32768,200000,72.48
32,2,65536,200000,72.92
32,2,131072,200000,70.77
32,2,262144,200000,72.93
32,2,256,300000,77.03
32,2,1024,300000,74.54
32,2,4096,300000,73.62
32,2,16384,300000,73.78
32,2,32768,300000,73.91
32,2,65536,300000,73.53
32,2,131072,300000,73.95
32,2,262144,300000,73.44
32,2,256,400000,78.84
32,2,1024,400000,75.66
32,2,4096,400000,75.2
32,2,16384,400000,74.55
32,2,32768,400000,74.26
32,2,65536,400000,73.52
32,2,131072,400000,74.19
32,2,262144,400000,74.25
32,2,256,500000,83.23
32,2,1024,500000,75.62
32,2,4096,500000,76.09
32,2,16384,500000,74.59
32,2,32768,500000,75.79
32,2,65536,500000,75.08
32,2,131072,500000,75.68
32,2,262144,500000,75.21
32,3,256,1000,75.6
32,3,1024,1000,75.49
32,3,4096,1000,76.08
32,3,16384,1000,75.21
32,3,32768,1000,75.26
32,3,65536,1000,74.9
32,3,131072,1000,75.32
32,3,262144,1000,74.83
32,3,256,10000,75.81
32,3,1024,10000,74.41
32,3,4096,10000,73.78
32,3,16384,10000,74.19
32,3,32768,10000,74.04
32,3,65536,10000,74.23
32,3,131072,10000,75.49
32,3,262144,10000,73.82
32,3,256,100000,72.98
32,3,1024,100000,75.23
32,3,4096,100000,74.54
32,3,16384,100000,74.54
32,3,32768,100000,74.02
32,3,65536,100000,74.65
32,3,131072,100000,74.57
32,3,262144,100000,74.67
32,3,256,200000,77.33
32,3,1024,200000,75.93
32,3,4096,200000,75.84
32,3,16384,200000,75.61
32,3,32768,200000,75.26
32,3,65536,200000,74.95
32,3,131072,200000,75.59
32,3,262144,200000,75.03
32,3,256,300000,77.26
32,3,1024,300000,77.05
32,3,4096,300000,76.6
32,3,16384,300000,76.46
32,3,32768,300000,73.59
32,3,65536,300000,76.15
32,3,131072,300000,76.38
32,3,262144,300000,75.66
32,3,256,400000,78.78
32,3,1024,400000,78.94
32,3,4096,400000,77.87
32,3,16384,400000,77.1
32,3,32768,400000,77.09
32,3,65536,400000,77.35
32,3,131072,400000,77.13
32,3,262144,400000,77.18
32,3,256,500000,81.08
32,3,1024,500000,80.3
32,3,4096,500000,78.19
32,3,16384,500000,77.53
32,3,32768,500000,76.05
32,3,65536,500000,78.31
32,3,131072,500000,78.51
32,3,262144,500000,78.64
32,4,256,1000,79.08
32,4,1024,1000,79.46
32,4,4096,1000,78.19
32,4,16384,1000,78.26
32,4,32768,1000,78.4
32,4,65536,1000,77.97
32,4,131072,1000,78.18
32,4,262144,1000,77.69
32,4,256,10000,77.49
32,4,1024,10000,78.48
32,4,4096,10000,76.59
32,4,16384,10000,77.79
32,4,32768,10000,76.54
32,4,65536,10000,77.37
32,4,131072,10000,76.42
32,4,262144,10000,77.18
32,4,256,100000,78.99
32,4,1024,100000,76.25
32,4,4096,100000,77.89
32,4,16384,100000,78.23
32,4,32768,100000,76.97
32,4,65536,100000,77.22
32,4,131072,100000,77.26
32,4,262144,100000,76.59
32,4,256,200000,78.5
32,4,1024,200000,78.23
32,4,4096,200000,78.87
32,4,16384,200000,78.2
32,4,32768,200000,77.09
32,4,65536,200000,77.3
32,4,131072,200000,77.89
32,4,262144,200000,77.46
32,4,256,300000,79.64
32,4,1024,300000,79.53
32,4,4096,300000,80.57
32,4,16384,300000,79.31
32,4,32768,300000,79.23
32,4,65536,300000,79.52
32,4,131072,300000,79
32,4,262144,300000,79.38
32,4,256,400000,82.13
32,4,1024,400000,81.13
32,4,4096,400000,80.67
32,4,16384,400000,80
32,4,32768,400000,79.93
32,4,65536,400000,80.48
32,4,131072,400000,79.33
32,4,262144,400000,80.22
32,4,256,500000,82.47
32,4,1024,500000,83.21
32,4,4096,500000,81.78
32,4,16384,500000,81.55
32,4,32768,500000,79.7
32,4,65536,500000,81.4
32,4,131072,500000,81.51
32,4,262144,500000,80.74
32,5,256,1000,81.28
32,5,1024,1000,80.47
32,5,4096,1000,82.81
32,5,16384,1000,81.36
32,5,32768,1000,82.97
32,5,65536,1000,80.81
32,5,131072,1000,79.69
32,5,262144,1000,82.18
32,5,256,10000,79.84
32,5,1024,10000,79.96
32,5,4096,10000,79.43
32,5,16384,10000,80.39
32,5,32768,10000,79.37
32,5,65536,10000,79.96
32,5,131072,10000,80.91
32,5,262144,10000,78.86
32,5,256,100000,81.18
32,5,1024,100000,80.15
32,5,4096,100000,80
32,5,16384,100000,80.69
32,5,32768,100000,79.53
32,5,65536,100000,79.74
32,5,131072,100000,79.39
32,5,262144,100000,80.11
32,5,256,200000,81.07
32,5,1024,200000,81.93
32,5,4096,200000,81.67
32,5,16384,200000,81.97
32,5,32768,200000,81.47
32,5,65536,200000,81.33
32,5,131072,200000,81.49
32,5,262144,200000,81.6
32,5,256,300000,83.3
32,5,1024,300000,82.32
32,5,4096,300000,82.2
32,5,16384,300000,82.11
32,5,32768,300000,81.63
32,5,65536,300000,81.52
32,5,131072,300000,81.52
32,5,262144,300000,81.71
32,5,256,400000,83.51
32,5,1024,400000,83.66
32,5,4096,400000,84.43
32,5,16384,400000,83.56
32,5,32768,400000,82.95
32,5,65536,400000,82.09
32,5,131072,400000,83.06
32,5,262144,400000,81.85
32,5,256,500000,84.76
32,5,1024,500000,85.04
32,5,4096,500000,84.49
32,5,16384,500000,84.04
32,5,32768,500000,84.67
32,5,65536,500000,84.09
32,5,131072,500000,83.48
32,5,262144,500000,83.76
64,1,256,1000,36.34
64,1,1024,1000,35.24
64,1,4096,1000,34.99
64,1,16384,1000,34.94
64,1,32768,1000,34.2
64,1,65536,1000,34.39
64,1,130672,1000,32.04
64,1,261344,1000,34.71
64,1,256,10000,35.63
64,1,1024,10000,34.35
64,1,4096,10000,34.6
64,1,16384,10000,32.48
64,1,32768,10000,32.29
64,1,65536,10000,31.51
64,1,130672,10000,33.61
64,1,261344,10000,33.01
64,1,256,100000,44.15
64,1,1024,100000,37.63
64,1,4096,100000,33.8
64,1,16384,100000,34.92
64,1,32768,100000,33.57
64,1,65536,100000,32.71
64,1,130672,100000,31.7
64,1,261344,100000,32.91
64,1,256,200000,56.04
64,1,1024,200000,46.09
64,1,4096,200000,41.18
64,1,16384,200000,38.85
64,1,32768,200000,38.71
64,1,65536,200000,38.64
64,1,130672,200000,38.78
64,1,261344,200000,38.67
64,1,256,300000,71.91
64,1,1024,300000,63.06
64,1,4096,300000,59.57
64,1,16384,300000,58.11
64,1,32768,300000,57.6
64,1,65536,300000,57.63
64,1,130672,300000,57.62
64,1,261344,300000,57.64
64,1,256,400000,85.11
64,1,1024,400000,77.46
64,1,4096,400000,73.69
64,1,16384,400000,73.09
64,1,32768,400000,73.45
64,1,65536,400000,73.21
64,1,130672,400000,73.11
64,1,261344,400000,73.28
64,1,256,500000,101.71
64,1,1024,500000,93.79
64,1,4096,500000,91.59
64,1,16384,500000,91.13
64,1,32768,500000,91.08
64,1,65536,500000,90.95
64,1,130672,500000,91.06
64,1,261344,500000,91.11
64,2,256,1000,36.23
64,2,1024,1000,35.6
64,2,4096,1000,35.6
64,2,16384,1000,34.01
64,2,32768,1000,35.13
64,2,65536,1000,35.2
64,2,130672,1000,35.8
64,2,261344,1000,34.67
64,2,256,10000,35.21
64,2,1024,10000,34.92
64,2,4096,10000,34.7
64,2,16384,10000,34.65
64,2,32768,10000,33.94
64,2,65536,10000,34.57
64,2,130672,10000,34.56
64,2,261344,10000,34.63
64,2,256,100000,37.6
64,2,1024,100000,36.08
64,2,4096,100000,34.78
64,2,16384,100000,34.86
64,2,32768,100000,33.41
64,2,65536,100000,34.58
64,2,130672,100000,34.39
64,2,261344,100000,34.34
64,2,256,200000,41.53
64,2,1024,200000,37.34
64,2,4096,200000,35.45
64,2,16384,200000,33.73
64,2,32768,200000,34.96
64,2,65536,200000,34.39
64,2,130672,200000,34.85
64,2,261344,200000,34.85
64,2,256,300000,47.13
64,2,1024,300000,39.69
64,2,4096,300000,36.84
64,2,16384,300000,35.94
64,2,32768,300000,35.35
64,2,65536,300000,35.37
64,2,130672,300000,35.67
64,2,261344,300000,35.52
64,2,256,400000,52.5
64,2,1024,400000,45.51
64,2,4096,400000,38.63
64,2,16384,400000,37.36
64,2,32768,400000,37.85
64,2,65536,400000,37.67
64,2,130672,400000,37.47
64,2,261344,400000,37.11
64,2,256,500000,59.83
64,2,1024,500000,49.89
64,2,4096,500000,47.14
64,2,16384,500000,46.37
64,2,32768,500000,47.96
64,2,65536,500000,48.51
64,2,130672,500000,49.26
64,2,261344,500000,46.42
64,3,256,1000,36.71
64,3,1024,1000,35.59
64,3,4096,1000,35.71
64,3,16384,1000,35.92
64,3,32768,1000,35.98
64,3,65536,1000,36.11
64,3,130672,1000,35.95
64,3,261344,1000,35.92
64,3,256,10000,35.89
64,3,1024,10000,36.4
64,3,4096,10000,35.54
64,3,16384,10000,35.36
64,3,32768,10000,35.01
64,3,65536,10000,35.83
64,3,130672,10000,34.94
64,3,261344,10000,35.4
64,3,256,100000,36.03
64,3,1024,100000,35.35
64,3,4096,100000,35.95
64,3,16384,100000,36.04
64,3,32768,100000,35.35
64,3,65536,100000,34.38
64,3,130672,100000,35.13
64,3,261344,100000,34.93
64,3,256,200000,41.64
64,3,1024,200000,36.41
64,3,4096,200000,36.57
64,3,16384,200000,35.93
64,3,32768,200000,34.81
64,3,65536,200000,35.34
64,3,130672,200000,35.51
64,3,261344,200000,35.37
64,3,256,300000,41.64
64,3,1024,300000,39.11
64,3,4096,300000,37.31
64,3,16384,300000,37.03
64,3,32768,300000,35.54
64,3,65536,300000,35.02
64,3,130672,300000,35.94
64,3,261344,300000,34.92
64,3,256,400000,42.75
64,3,1024,400000,39.92
64,3,4096,400000,37.29
64,3,16384,400000,36.36
64,3,32768,400000,36.49
64,3,65536,400000,35.76
64,3,130672,400000,36.59
64,3,261344,400000,36.55
64,3,256,500000,46.47
64,3,1024,500000,40.19
64,3,4096,500000,37.82
64,3,16384,500000,37
64,3,32768,500000,36.04
64,3,65536,500000,36.12
64,3,130672,500000,35.98
64,3,261344,500000,37.04
64,4,256,1000,36.5
64,4,1024,1000,36.44
64,4,4096,1000,36.74
64,4,16384,1000,36.55
64,4,32768,1000,36.62
64,4,65536,1000,36.54
64,4,130672,1000,35.9
64,4,261344,1000,36.63
64,4,256,10000,36.29
64,4,1024,10000,35.92
64,4,4096,10000,36.89
64,4,16384,10000,36.11
64,4,32768,10000,36.42
64,4,65536,10000,35.9
64,4,130672,10000,36
64,4,261344,10000,35.88
64,4,256,100000,36.46
64,4,1024,100000,36.49
64,4,4096,100000,36.48
64,4,16384,100000,36.43
64,4,32768,100000,36.18
64,4,65536,100000,35.34
64,4,130672,100000,35.53
64,4,261344,100000,35.41
64,4,256,200000,37.57
64,4,1024,200000,36.98
64,4,4096,200000,36.49
64,4,16384,200000,36.64
64,4,32768,200000,35.96
64,4,65536,200000,36.11
64,4,130672,200000,36.19
64,4,261344,200000,36.17
64,4,256,300000,38.8
64,4,1024,300000,38.14
64,4,4096,300000,37.32
64,4,16384,300000,36.99
64,4,32768,300000,36.44
64,4,65536,300000,36.63
64,4,130672,300000,36.66
64,4,261344,300000,36.43
64,4,256,400000,40.59
64,4,1024,400000,38.78
64,4,4096,400000,37.81
64,4,16384,400000,37.01
64,4,32768,400000,36.95
64,4,65536,400000,37.02
64,4,130672,400000,36.98
64,4,261344,400000,36.97
64,4,256,500000,42.95
64,4,1024,500000,39.15
64,4,4096,500000,38.09
64,4,16384,500000,37.16
64,4,32768,500000,37.68
64,4,65536,500000,37.52
64,4,130672,500000,37.2
64,4,261344,500000,37.67
64,5,256,1000,38.41
64,5,1024,1000,37.46
64,5,4096,1000,39.37
64,5,16384,1000,38.14
64,5,32768,1000,37.05
64,5,65536,1000,37.2
64,5,130672,1000,37.19
64,5,261344,1000,37.15
64,5,256,10000,37.04
64,5,1024,10000,36.56
64,5,4096,10000,36.66
64,5,16384,10000,37.21
64,5,32768,10000,36.65
64,5,65536,10000,36.72
64,5,130672,10000,36.59
64,5,261344,10000,36.7
64,5,256,100000,36.9
64,5,1024,100000,37.07
64,5,4096,100000,37.51
64,5,16384,100000,36.97
64,5,32768,100000,36.59
64,5,65536,100000,36.04
64,5,130672,100000,36.25
64,5,261344,100000,36.25
64,5,256,200000,37.68
64,5,1024,200000,37.54
64,5,4096,200000,37.23
64,5,16384,200000,37.21
64,5,32768,200000,36.78
64,5,65536,200000,36.74
64,5,130672,200000,36.89
64,5,261344,200000,36.71
64,5,256,300000,38.94
64,5,1024,300000,37.96
64,5,4096,300000,38.51
64,5,16384,300000,37.71
64,5,32768,300000,37.1
64,5,65536,300000,37.26
64,5,130672,300000,37.33
64,5,261344,300000,37.15
64,5,256,400000,39.3
64,5,1024,400000,38.36
64,5,4096,400000,38.81
64,5,16384,400000,37.74
64,5,32768,400000,37.34
64,5,65536,400000,37.77
64,5,130672,400000,37.73
64,5,261344,400000,37.72
64,5,256,500000,41.19
64,5,1024,500000,39.85
64,5,4096,500000,38.66
64,5,16384,500000,38.22
64,5,32768,500000,37.91
64,5,65536,500000,38.32
64,5,130672,500000,38.03
64,5,261344,500000,38.11
128,1,256,1000,24.29
128,1,1024,1000,22.63
128,1,4096,1000,24.15
128,1,16384,1000,72.53
128,1,32768,1000,573.6097238
128,1,65536,1000,2040.771765
128,1,130672,1000,8732.16
128,1,261344,1000,1807.221622
128,1,256,10000,23.15
128,1,1024,10000,22.04
128,1,4096,10000,21.9
128,1,16384,10000,25.43
128,1,32768,10000,34.81
128,1,65536,10000,83.12
128,1,130672,10000,26.95
128,1,261344,10000,899.4427586
128,1,256,100000,33.82
128,1,1024,100000,27.44
128,1,4096,100000,24.33
128,1,16384,100000,24.41
128,1,32768,100000,27.77
128,1,65536,100000,42.49
128,1,130672,100000,91.34
128,1,261344,100000,92.77
128,1,256,200000,48.7
128,1,1024,200000,41.1
128,1,4096,200000,39.44
128,1,16384,200000,41.12
128,1,32768,200000,45.25
128,1,65536,200000,56.16
128,1,130672,200000,61.52
128,1,261344,200000,55.98
128,1,256,300000,66.39
128,1,1024,300000,59.6
128,1,4096,300000,57.87
128,1,16384,300000,59.41
128,1,32768,300000,63.37
128,1,65536,300000,73.08
128,1,130672,300000,68.47
128,1,261344,300000,72.78
128,1,256,400000,82.58
128,1,1024,400000,74.84
128,1,4096,400000,73.5
128,1,16384,400000,74.87
128,1,32768,400000,77.7
128,1,65536,400000,79.33
128,1,130672,400000,80.27
128,1,261344,400000,80.25
128,1,256,500000,99.12
128,1,1024,500000,92.61
128,1,4096,500000,91.54
128,1,16384,500000,92.62
128,1,32768,500000,95.08
128,1,65536,500000,96.76
128,1,130672,500000,97.15
128,1,261344,500000,99.46
128,2,256,1000,23.68
128,2,1024,1000,22.75
128,2,4096,1000,22.49
128,2,16384,1000,21.9
128,2,32768,1000,23.65
128,2,65536,1000,32.11
128,2,130672,1000,131.8144
128,2,261344,1000,9912.32
128,2,256,10000,22.57
128,2,1024,10000,22.4
128,2,4096,10000,21.49
128,2,16384,10000,22.23
128,2,32768,10000,21.28
128,2,65536,10000,21.79
128,2,130672,10000,21.24
128,2,261344,10000,19.15
128,2,256,100000,24.96
128,2,1024,100000,23.08
128,2,4096,100000,22.46
128,2,16384,100000,22.51
128,2,32768,100000,20.5
128,2,65536,100000,16.91
128,2,130672,100000,17.25
128,2,261344,100000,16.68
128,2,256,200000,31.26
128,2,1024,200000,24.02
128,2,4096,200000,23.19
128,2,16384,200000,21.76
128,2,32768,200000,20.17
128,2,65536,200000,20.05
128,2,130672,200000,20.2
128,2,261344,200000,21.01
128,2,256,300000,39.66
128,2,1024,300000,32.25
128,2,4096,300000,29.78
128,2,16384,300000,29.77
128,2,32768,300000,30.3
128,2,65536,300000,30.56
128,2,130672,300000,34.48
128,2,261344,300000,31.18
128,2,256,400000,46.02
128,2,1024,400000,41.9
128,2,4096,400000,37.51
128,2,16384,400000,37.42
128,2,32768,400000,40.76
128,2,65536,400000,38.45
128,2,130672,400000,37.67
128,2,261344,400000,37.96
128,2,256,500000,53.3
128,2,1024,500000,47.6
128,2,4096,500000,46.35
128,2,16384,500000,47.03
128,2,32768,500000,47.47
128,2,65536,500000,46.53
128,2,130672,500000,48.25
128,2,261344,500000,47.18
128,3,256,1000,23.86
128,3,1024,1000,22.45
128,3,4096,1000,22.66
128,3,16384,1000,22.66
128,3,32768,1000,22.2
128,3,65536,1000,132.8734094
128,3,130672,1000,7179.605333
128,3,261344,1000,8038.4
128,3,256,10000,22.37
128,3,1024,10000,22.56
128,3,4096,10000,22.04
128,3,16384,10000,22.26
128,3,32768,10000,22.31
128,3,65536,10000,22.11
128,3,130672,10000,21.32
128,3,261344,10000,19.83
128,3,256,100000,23.23
128,3,1024,100000,22.81
128,3,4096,100000,22.25
128,3,16384,100000,22.62
128,3,32768,100000,20.79
128,3,65536,100000,17.28
128,3,130672,100000,17.42
128,3,261344,100000,17.44
128,3,256,200000,25.64
128,3,1024,200000,23.04
128,3,4096,200000,22.89
128,3,16384,200000,21.13
128,3,32768,200000,17.63
128,3,65536,200000,17.66
128,3,130672,200000,17.66
128,3,261344,200000,17.64
128,3,256,300000,29.56
128,3,1024,300000,25.3
128,3,4096,300000,23.23
128,3,16384,300000,23.18
128,3,32768,300000,19.2
128,3,65536,300000,19.21
128,3,130672,300000,20.17
128,3,261344,300000,19.97
128,3,256,400000,33.96
128,3,1024,400000,27.77
128,3,4096,400000,25.59
128,3,16384,400000,25.33
128,3,32768,400000,25.1
128,3,65536,400000,24.63
128,3,130672,400000,24.99
128,3,261344,400000,25.06
128,3,256,500000,38.83
128,3,1024,500000,32.68
128,3,4096,500000,33.1
128,3,16384,500000,31.93
128,3,32768,500000,30.72
128,3,65536,500000,30.66
128,3,130672,500000,30.91
128,3,261344,500000,31.01
128,4,256,1000,23.99
128,4,1024,1000,22.93
128,4,4096,1000,22.76
128,4,16384,1000,23.87
128,4,32768,1000,35.15
128,4,65536,1000,22.72
128,4,130672,1000,22.53
128,4,261344,1000,22.56
128,4,256,10000,22.82
128,4,1024,10000,22.72
128,4,4096,10000,22.55
128,4,16384,10000,22.57
128,4,32768,10000,22.46
128,4,65536,10000,22.16
128,4,130672,10000,21.44
128,4,261344,10000,20.1
128,4,256,100000,23.15
128,4,1024,100000,22.7
128,4,4096,100000,22.84
128,4,16384,100000,22.69
128,4,32768,100000,20.87
128,4,65536,100000,17.5
128,4,130672,100000,17.47
128,4,261344,100000,17.57
128,4,256,200000,23.89
128,4,1024,200000,23.3
128,4,4096,200000,23.03
128,4,16384,200000,21.25
128,4,32768,200000,17.83
128,4,65536,200000,17.82
128,4,130672,200000,17.82
128,4,261344,200000,17.79
128,4,256,300000,26.02
128,4,1024,300000,23.85
128,4,4096,300000,23.34
128,4,16384,300000,23.25
128,4,32768,300000,18.04
128,4,65536,300000,18.04
128,4,130672,300000,17.81
128,4,261344,300000,18.02
128,4,256,400000,28.38
128,4,1024,400000,24.1
128,4,4096,400000,23.66
128,4,16384,400000,18.77
128,4,32768,400000,18.89
128,4,65536,400000,18.74
128,4,130672,400000,18.74
128,4,261344,400000,18.77
128,4,256,500000,31.61
128,4,1024,500000,26.11
128,4,4096,500000,23.79
128,4,16384,500000,23.23
128,4,32768,500000,23.01
128,4,65536,500000,23.81
128,4,130672,500000,22.92
128,4,261344,500000,23.5
128,5,256,1000,24.18
128,5,1024,1000,23.12
128,5,4096,1000,23.11
128,5,16384,1000,26.08
128,5,32768,1000,22.91
128,5,65536,1000,22.86
128,5,130672,1000,23.08
128,5,261344,1000,263.7338649
128,5,256,10000,22.95
128,5,1024,10000,22.81
128,5,4096,10000,22.88
128,5,16384,10000,22.47
128,5,32768,10000,22.69
128,5,65536,10000,22.52
128,5,130672,10000,21.45
128,5,261344,10000,20.25
128,5,256,100000,23.02
128,5,1024,100000,23
128,5,4096,100000,22.9
128,5,16384,100000,22.82
128,5,32768,100000,21.12
128,5,65536,100000,17.68
128,5,130672,100000,17.73
128,5,261344,100000,17.63
128,5,256,200000,23.57
128,5,1024,200000,23.49
128,5,4096,200000,23.06
128,5,16384,200000,21.51
128,5,32768,200000,17.98
128,5,65536,200000,17.96
128,5,130672,200000,17.9
128,5,261344,200000,17.83
128,5,256,300000,24.78
128,5,1024,300000,23.77
128,5,4096,300000,23.36
128,5,16384,300000,23.35
128,5,32768,300000,18.25
128,5,65536,300000,18.1
128,5,130672,300000,18.19
128,5,261344,300000,18.27
128,5,256,400000,25.83
128,5,1024,400000,24.19
128,5,4096,400000,23.64
128,5,16384,400000,18.58
128,5,32768,400000,18.54
128,5,65536,400000,18.62
128,5,130672,400000,18.54
128,5,261344,400000,18.57
128,5,256,500000,28
128,5,1024,500000,24.63
128,5,4096,500000,23.22
128,5,16384,500000,18.85
128,5,32768,500000,18.9
128,5,65536,500000,18.87
128,5,130672,500000,18.82
128,5,261344,500000,18.92
192,1,256,1000,22.15
192,1,1024,1000,15.38
192,1,4096,1000,24.93
192,1,16384,1000,221.6244301
192,1,32768,1000,626.8607229
192,1,65536,1000,2256.939574
192,1,130672,1000,12921.856
192,1,261344,1000,13384.704
192,1,256,10000,16.59
192,1,1024,10000,14.76
192,1,4096,10000,14.79
192,1,16384,10000,20.08
192,1,32768,10000,45.06
192,1,65536,10000,96.05
192,1,130672,10000,262.5939394
192,1,261344,10000,1044.3776
192,1,256,100000,32.27
192,1,1024,100000,24.76
192,1,4096,100000,22.69
192,1,16384,100000,26.48
192,1,32768,100000,33.3
192,1,65536,100000,58.3
192,1,130672,100000,174.4185124
192,1,261344,100000,173.0713856
192,1,256,200000,49.23
192,1,1024,200000,40.75
192,1,4096,200000,39.29
192,1,16384,200000,41.82
192,1,32768,200000,46.76
192,1,65536,200000,64.02
192,1,130672,200000,118.0678842
192,1,261344,200000,116.640906
192,1,256,300000,67.76
192,1,1024,300000,59.29
192,1,4096,300000,57.97
192,1,16384,300000,59.54
192,1,32768,300000,64.59
192,1,65536,300000,83.96
192,1,130672,300000,103.912495
192,1,261344,300000,105.0952742
192,1,256,400000,83.61
192,1,1024,400000,74.73
192,1,4096,400000,73.65
192,1,16384,400000,74.95
192,1,32768,400000,78.98
192,1,65536,400000,89.06
192,1,130672,400000,102.4
192,1,261344,400000,100.01
192,1,256,500000,101.29
192,1,1024,500000,92.58
192,1,4096,500000,91.02
192,1,16384,500000,92.89
192,1,32768,500000,95.68
192,1,65536,500000,107.1576615
192,1,130672,500000,109.4717635
192,1,261344,500000,110.0366102
192,2,256,1000,20.78
192,2,1024,1000,15.29
192,2,4096,1000,15.63
192,2,16384,1000,23.13
192,2,32768,1000,88
192,2,65536,1000,408.946383
192,2,130672,1000,16728.064
192,2,261344,1000,16905.216
192,2,256,10000,15.21
192,2,1024,10000,14.8
192,2,4096,10000,14.71
192,2,16384,10000,14.72
192,2,32768,10000,14.83
192,2,65536,10000,14.46
192,2,130672,10000,13.95
192,2,261344,10000,12.65
192,2,256,100000,21.21
192,2,1024,100000,17.95
192,2,4096,100000,14.32
192,2,16384,100000,14.85
192,2,32768,100000,13.69
192,2,65536,100000,11.31
192,2,130672,100000,11.2
192,2,261344,100000,12.33
192,2,256,200000,29.24
192,2,1024,200000,22.35
192,2,4096,200000,19.91
192,2,16384,200000,20.45
192,2,32768,200000,22.89
192,2,65536,200000,23.83
192,2,130672,200000,24.08
192,2,261344,200000,24.92
192,2,256,300000,38.39
192,2,1024,300000,30.45
192,2,4096,300000,29.73
192,2,16384,300000,29.83
192,2,32768,300000,31.51
192,2,65536,300000,33.45
192,2,130672,300000,32.44
192,2,261344,300000,33.09
192,2,256,400000,45.76
192,2,1024,400000,38.81
192,2,4096,400000,36.89
192,2,16384,400000,37.85
192,2,32768,400000,39.59
192,2,65536,400000,38.84
192,2,130672,400000,38.9
192,2,261344,400000,38.99
192,2,256,500000,55.51
192,2,1024,500000,48.76
192,2,4096,500000,46.22
192,2,16384,500000,47.17
192,2,32768,500000,47.97
192,2,65536,500000,48.88
192,2,130672,500000,48.1
192,2,261344,500000,48.29
192,3,256,1000,20.77
192,3,1024,1000,15.22
192,3,4096,1000,14.99
192,3,16384,1000,17.33
192,3,32768,1000,38.91
192,3,65536,1000,98.8
192,3,130672,1000,13568
192,3,261344,1000,15603.56571
192,3,256,10000,15.02
192,3,1024,10000,14.75
192,3,4096,10000,14.78
192,3,16384,10000,14.62
192,3,32768,10000,14.75
192,3,65536,10000,14.51
192,3,130672,10000,13.96
192,3,261344,10000,13.08
192,3,256,100000,17.55
192,3,1024,100000,15.14
192,3,4096,100000,14.99
192,3,16384,100000,14.09
192,3,32768,100000,13.66
192,3,65536,100000,11.27
192,3,130672,100000,11.39
192,3,261344,100000,11.31
192,3,256,200000,22.77
192,3,1024,200000,16.86
192,3,4096,200000,15.32
192,3,16384,200000,14.49
192,3,32768,200000,13.22
192,3,65536,200000,13.59
192,3,130672,200000,13.9
192,3,261344,200000,13.21
192,3,256,300000,28.58
192,3,1024,300000,21.7
192,3,4096,300000,20.1
192,3,16384,300000,20.17
192,3,32768,300000,20.1
192,3,65536,300000,20.13
192,3,130672,300000,20.68
192,3,261344,300000,20.89
192,3,256,400000,34.03
192,3,1024,400000,26.23
192,3,4096,400000,24.92
192,3,16384,400000,25.44
192,3,32768,400000,25.23
192,3,65536,400000,25.19
192,3,130672,400000,25.49
192,3,261344,400000,26.42
192,3,256,500000,39.53
192,3,1024,500000,32.16
192,3,4096,500000,30.81
192,3,16384,500000,31.69
192,3,32768,500000,31.32
192,3,65536,500000,32.76
192,3,130672,500000,31.51
192,3,261344,500000,31.23
192,4,256,1000,20.56
192,4,1024,1000,15.55
192,4,4096,1000,15.26
192,4,16384,1000,20.1
192,4,32768,1000,34.24
192,4,65536,1000,575.4075109
192,4,130672,1000,15747.54462
192,4,261344,1000,16457.25538
192,4,256,10000,15
192,4,1024,10000,14.75
192,4,4096,10000,14.74
192,4,16384,10000,14.86
192,4,32768,10000,14.81
192,4,65536,10000,14.57
192,4,130672,10000,14.14
192,4,261344,10000,13.23
192,4,256,100000,16.08
192,4,1024,100000,15.04
192,4,4096,100000,14.96
192,4,16384,100000,15.05
192,4,32768,100000,13.77
192,4,65536,100000,11.42
192,4,130672,100000,11.41
192,4,261344,100000,11.4
192,4,256,200000,19.41
192,4,1024,200000,15.61
192,4,4096,200000,15.13
192,4,16384,200000,13.88
192,4,32768,200000,11.54
192,4,65536,200000,11.57
192,4,130672,200000,11.2
192,4,261344,200000,11.54
192,4,256,300000,23.76
192,4,1024,300000,17.35
192,4,4096,300000,16.25
192,4,16384,300000,15.39
192,4,32768,300000,14.74
192,4,65536,300000,14.95
192,4,130672,300000,14.64
192,4,261344,300000,14.76
192,4,256,400000,27.58
192,4,1024,400000,20.73
192,4,4096,400000,18.8
192,4,16384,400000,18.82
192,4,32768,400000,18.84
192,4,65536,400000,18.66
192,4,130672,400000,19.76
192,4,261344,400000,18.72
192,4,256,500000,32.1
192,4,1024,500000,24.89
192,4,4096,500000,23.26
192,4,16384,500000,23.17
192,4,32768,500000,23.22
192,4,65536,500000,23.19
192,4,130672,500000,23.68
192,4,261344,500000,23.47
192,5,256,1000,20.88
192,5,1024,1000,15.56
192,5,4096,1000,15.41
192,5,16384,1000,18.03
192,5,32768,1000,29.89
192,5,65536,1000,100.26
192,5,130672,1000,11331.584
192,5,261344,1000,13305.344
192,5,256,10000,15.18
192,5,1024,10000,14.99
192,5,4096,10000,15.07
192,5,16384,10000,14.91
192,5,32768,10000,14.89
192,5,65536,10000,14.61
192,5,130672,10000,14.08
192,5,261344,10000,13.21
192,5,256,100000,15.64
192,5,1024,100000,15.19
192,5,4096,100000,15.06
192,5,16384,100000,15.12
192,5,32768,100000,13.78
192,5,65536,100000,11.5
192,5,130672,100000,11.51
192,5,261344,100000,11.48
192,5,256,200000,17.84
192,5,1024,200000,15.37
192,5,4096,200000,15.16
192,5,16384,200000,14.04
192,5,32768,200000,11.67
192,5,65536,200000,11.65
192,5,130672,200000,11.66
192,5,261344,200000,11.61
192,5,256,300000,20.51
192,5,1024,300000,16.15
192,5,4096,300000,15.49
192,5,16384,300000,15.65
192,5,32768,300000,11.81
192,5,65536,300000,11.95
192,5,130672,300000,12.17
192,5,261344,300000,11.93
192,5,256,400000,23.7
192,5,1024,400000,17.71
192,5,4096,400000,15.92
192,5,16384,400000,14.81
192,5,32768,400000,15.2
192,5,65536,400000,15.44
192,5,130672,400000,15.01
192,5,261344,400000,15.51
192,5,256,500000,27.22
192,5,1024,500000,20.51
192,5,4096,500000,18.73
192,5,16384,500000,18.48
192,5,32768,500000,18.48
192,5,65536,500000,18.6
192,5,130672,500000,18.7
192,5,261344,500000,18.51
256,1,256,1000,20.51
256,1,1024,1000,15.28
256,1,4096,1000,136.8976021
256,1,16384,1000,786.8988235
256,1,32768,1000,1483.707733
256,1,65536,1000,3739.012414
256,1,130672,1000,11565.61455
256,1,261344,1000,9246.72
256,1,256,10000,13.18
256,1,1024,10000,11.43
256,1,4096,10000,11.4
256,1,16384,10000,26
256,1,32768,10000,85.66
256,1,65536,10000,259.7538155
256,1,130672,10000,1951.589434
256,1,261344,10000,972.4970414
256,1,256,100000,29.27
256,1,1024,100000,23.73
256,1,4096,100000,22.56
256,1,16384,100000,27.42
256,1,32768,100000,36.1
256,1,65536,100000,76.13
256,1,130672,100000,224.4820779
256,1,261344,100000,239.8514023
256,1,256,200000,46.2
256,1,1024,200000,40.25
256,1,4096,200000,39.35
256,1,16384,200000,42.31
256,1,32768,200000,47.89
256,1,65536,200000,84.32
256,1,130672,200000,145.0714607
256,1,261344,200000,147.8102954
256,1,256,300000,65.19
256,1,1024,300000,58.96
256,1,4096,300000,58.06
256,1,16384,300000,59.79
256,1,32768,300000,65.36
256,1,65536,300000,90.18
256,1,130672,300000,125.4769231
256,1,261344,300000,135.2432546
256,1,256,400000,80.83
256,1,1024,400000,74.59
256,1,4096,400000,73.67
256,1,16384,400000,75.1
256,1,32768,400000,79.5
256,1,65536,400000,100.74
256,1,130672,400000,116.3896976
256,1,261344,400000,118.5098398
256,1,256,500000,98.58
256,1,1024,500000,92.68
256,1,4096,500000,91.26
256,1,16384,500000,92.98
256,1,32768,500000,96.25
256,1,65536,500000,114.1366154
256,1,130672,500000,120.3882271
256,1,261344,500000,121.8944601
256,2,256,1000,20.06
256,2,1024,1000,12.49
256,2,4096,1000,122.6293706
256,2,16384,1000,752.2461538
256,2,32768,1000,1371.621053
256,2,65536,1000,2168.372245
256,2,130672,1000,7133.556364
256,2,261344,1000,14660.26667
256,2,256,10000,11.49
256,2,1024,10000,11.22
256,2,4096,10000,10.78
256,2,16384,10000,10.98
256,2,32768,10000,11.69
256,2,65536,10000,10.93
256,2,130672,10000,10.5
256,2,261344,10000,9.75
256,2,256,100000,17.91
256,2,1024,100000,13.93
256,2,4096,100000,12.34
256,2,16384,100000,12.9
256,2,32768,100000,16.09
256,2,65536,100000,30.48
256,2,130672,100000,128.6209901
256,2,261344,100000,146.6514286
256,2,256,200000,27.8
256,2,1024,200000,21.36
256,2,4096,200000,20.01
256,2,16384,200000,20.99
256,2,32768,200000,23.52
256,2,65536,200000,31.32
256,2,130672,200000,48.81
256,2,261344,200000,47.41
256,2,256,300000,36.9
256,2,1024,300000,31.36
256,2,4096,300000,30.15
256,2,16384,300000,30.5
256,2,32768,300000,33.51
256,2,65536,300000,38.16
256,2,130672,300000,37.63
256,2,261344,300000,37.33
256,2,256,400000,44
256,2,1024,400000,38.46
256,2,4096,400000,37.14
256,2,16384,400000,38.05
256,2,32768,400000,39.9
256,2,65536,400000,42.64
256,2,130672,400000,42.39
256,2,261344,400000,41.08
256,2,256,500000,52.7
256,2,1024,500000,48.93
256,2,4096,500000,47.94
256,2,16384,500000,46.66
256,2,32768,500000,48.06
256,2,65536,500000,52.43
256,2,130672,500000,49.84
256,2,261344,500000,49.16
256,3,256,1000,20.31
256,3,1024,1000,12.68
256,3,4096,1000,106.1747852
256,3,16384,1000,743.6980282
256,3,32768,1000,1397.57494
256,3,65536,1000,2998.936216
256,3,130672,1000,13776.64
256,3,261344,1000,8568.32
256,3,256,10000,11.3
256,3,1024,10000,11.19
256,3,4096,10000,11.09
256,3,16384,10000,11.02
256,3,32768,10000,11.13
256,3,65536,10000,11.24
256,3,130672,10000,10.5
256,3,261344,10000,9.76
256,3,256,100000,15.07
256,3,1024,100000,11.86
256,3,4096,100000,11.17
256,3,16384,100000,11.19
256,3,32768,100000,10.33
256,3,65536,100000,8.53
256,3,130672,100000,8.25
256,3,261344,100000,11.56
256,3,256,200000,19.63
256,3,1024,200000,15.27
256,3,4096,200000,13.41
256,3,16384,200000,13.7
256,3,32768,200000,15.6
256,3,65536,200000,15.36
256,3,130672,200000,16.01
256,3,261344,200000,15.52
256,3,256,300000,26.98
256,3,1024,300000,21.17
256,3,4096,300000,19.81
256,3,16384,300000,21.27
256,3,32768,300000,21.66
256,3,65536,300000,21.28
256,3,130672,300000,21.67
256,3,261344,300000,21.49
256,3,256,400000,32.2
256,3,1024,400000,27.63
256,3,4096,400000,24.98
256,3,16384,400000,25.18
256,3,32768,400000,25.93
256,3,65536,400000,26.08
256,3,130672,400000,26.64
256,3,261344,400000,26.19
256,3,256,500000,37.59
256,3,1024,500000,36.03
256,3,4096,500000,31.2
256,3,16384,500000,31.55
256,3,32768,500000,31.65
256,3,65536,500000,32.19
256,3,130672,500000,33.25
256,3,261344,500000,32.03
256,4,256,1000,19.67
256,4,1024,1000,12.18
256,4,4096,1000,106.6675277
256,4,16384,1000,737.2163975
256,4,32768,1000,1376.584691
256,4,65536,1000,2451.178305
256,4,130672,1000,6985.255385
256,4,261344,1000,15065.73474
256,4,256,10000,11.37
256,4,1024,10000,11.12
256,4,4096,10000,11.06
256,4,16384,10000,11.13
256,4,32768,10000,11
256,4,65536,10000,10.8
256,4,130672,10000,10.52
256,4,261344,10000,9.86
256,4,256,100000,12.99
256,4,1024,100000,11.38
256,4,4096,100000,11.27
256,4,16384,100000,11.29
256,4,32768,100000,10.16
256,4,65536,100000,8.51
256,4,130672,100000,8.52
256,4,261344,100000,8.5
256,4,256,200000,16.69
256,4,1024,200000,12.66
256,4,4096,200000,11.58
256,4,16384,200000,11.34
256,4,32768,200000,10.44
256,4,65536,200000,10.27
256,4,130672,200000,10.01
256,4,261344,200000,10.01
256,4,256,300000,21.24
256,4,1024,300000,16.49
256,4,4096,300000,15.17
256,4,16384,300000,14.88
256,4,32768,300000,15.34
256,4,65536,300000,15.56
256,4,130672,300000,15.18
256,4,261344,300000,15.49
256,4,256,400000,25.84
256,4,1024,400000,20.45
256,4,4096,400000,19.63
256,4,16384,400000,19.22
256,4,32768,400000,18.97
256,4,65536,400000,19.24
256,4,130672,400000,19.26
256,4,261344,400000,19.43
256,4,256,500000,29.91
256,4,1024,500000,24.83
256,4,4096,500000,25.41
256,4,16384,500000,24.4
256,4,32768,500000,23.49
256,4,65536,500000,23.59
256,4,130672,500000,23.46
256,4,261344,500000,23.85
256,5,256,1000,20
256,5,1024,1000,12.98
256,5,4096,1000,112.2014561
256,5,16384,1000,767.8687179
256,5,32768,1000,1430.287059
256,5,65536,1000,2805.76
256,5,130672,1000,8548.173913
256,5,261344,1000,21331.49538
256,5,256,10000,11.43
256,5,1024,10000,11.38
256,5,4096,10000,11.2
256,5,16384,10000,11.18
256,5,32768,10000,11.26
256,5,65536,10000,10.86
256,5,130672,10000,10.52
256,5,261344,10000,9.9
256,5,256,100000,12.11
256,5,1024,100000,11.22
256,5,4096,100000,11.26
256,5,16384,100000,11.18
256,5,32768,100000,10.42
256,5,65536,100000,8.22
256,5,130672,100000,8.53
256,5,261344,100000,8.56
256,5,256,200000,15.05
256,5,1024,200000,11.72
256,5,4096,200000,11.49
256,5,16384,200000,10.53
256,5,32768,200000,8.71
256,5,65536,200000,8.69
256,5,130672,200000,8.45
256,5,261344,200000,8.61
256,5,256,300000,18.13
256,5,1024,300000,13.99
256,5,4096,300000,12.97
256,5,16384,300000,11.9
256,5,32768,300000,12.34
256,5,65536,300000,12.22
256,5,130672,300000,11.83
256,5,261344,300000,11.88
256,5,256,400000,21.5
256,5,1024,400000,16.89
256,5,4096,400000,15.79
256,5,16384,400000,15.38
256,5,32768,400000,15.2
256,5,65536,400000,15.06
256,5,130672,400000,15.19
256,5,261344,400000,15.09
256,5,256,500000,25.28
256,5,1024,500000,21.31
256,5,4096,500000,18.87
256,5,16384,500000,18.64
256,5,32768,500000,18.73
256,5,65536,500000,18.67
256,5,130672,500000,18.88
256,5,261344,500000,18.73
